City_ID,City,Lat,Lon,Max Temp,Humidity,Cloudiness,Wind Speed,Country,Date
0,nelson bay,-32.7167,152.15,80.65,78,47,25.99,AU,1699933879
1,adamstown,-25.066,-130.1015,73.29,86,100,17.94,PN,1699933527
2,stawell,-37.05,142.7667,53.62,82,100,4.32,AU,1699933880
3,qaqortoq,60.7167,-46.0333,19.53,94,95,3.6,GL,1699933880
4,edinburgh of the seven seas,-37.0676,-12.3116,56.35,78,11,26.4,SH,1699933529
5,papatowai,-46.5619,169.4708,60.24,56,59,15.57,NZ,1699933531
6,lebu,-37.6167,-73.65,48.38,89,34,7.87,CL,1699933528
7,punta arenas,-53.15,-70.9167,35.71,75,20,11.5,CL,1699933540
8,callao,-12.0667,-77.15,69.71,77,75,11.5,PE,1699933551
9,puerto ayora,-0.7393,-90.3518,73.54,100,78,5.01,EC,1699933551
10,pizarro,4.9533,-77.366,78.66,90,19,2.06,CO,1699933881
11,tvoroyri,61.5556,-6.8111,46.42,77,9,25.48,FO,1699933881
12,inhambane,-23.865,35.3833,73.38,60,75,15.01,MZ,1699933882
13,yellowknife,62.456,-114.3525,25.32,93,100,13.8,CA,1699933528
14,waitangi,-43.9535,-176.5597,55.92,88,8,20.58,NZ,1699933534
15,fortuna,40.5982,-124.1573,55.98,95,100,1.99,US,1699933882
16,santa vitoria do palmar,-33.5189,-53.3681,61.07,92,100,8.14,BR,1699933536
17,utrik,11.2278,169.8474,82.35,81,100,18.57,MH,1699933528
18,port-aux-francais,-49.35,70.2167,43.63,97,100,33.87,TF,1699933527
19,prince rupert,54.3161,-130.3201,46.09,67,75,11.5,CA,1699933883
20,tralee,52.2704,-9.7026,50.77,89,100,12.19,IE,1699933559
21,enewetak,11.3474,162.3373,83.12,81,87,18.57,MH,1699933553
22,avarua,-21.2078,-159.775,73.45,64,75,10.36,CK,1699933536
23,new norfolk,-42.7826,147.0587,60.71,29,4,6.11,AU,1699933552
24,luganville,-15.5333,167.1667,76.23,81,100,14.2,VU,1699933884
25,port elizabeth,-33.918,25.5701,61.32,82,75,10.36,ZA,1699933528
26,jwaneng,-24.6004,24.7303,66.2,63,11,15.68,BW,1699933884
27,punta alta,-38.8759,-62.0736,60.21,40,3,19.98,AR,1699933884
28,ust'-ilimsk,58.0006,102.6619,28.44,95,99,10.0,RU,1699933884
29,tazovsky,67.4667,78.7,-0.44,98,54,7.72,RU,1699933885
30,san antonio de pale,-1.4014,5.6325,79.03,79,19,6.87,GQ,1699933885
31,kavieng,-2.5744,150.7967,84.09,66,59,3.96,PG,1699933818
32,olyokminsk,60.3736,120.4264,21.09,86,100,5.5,RU,1699933885
33,bredasdorp,-34.5322,20.0403,58.75,82,35,16.71,ZA,1699933534
34,akureyri,65.6835,-18.0878,37.33,75,100,4.61,IS,1699933885
35,fort bragg,35.139,-79.006,47.8,85,0,0.0,US,1699933540
36,grytviken,-54.2811,-36.5092,34.99,98,100,7.4,GS,1699933544
37,ustka,54.5805,16.8619,36.64,95,100,3.83,PL,1699933886
38,aasiaat,68.7098,-52.8699,11.89,82,100,2.89,GL,1699933886
39,puerto natales,-51.7236,-72.4875,33.53,83,81,10.0,CL,1699933537
40,lazaro cardenas,17.9583,-102.2,79.43,82,30,2.98,MX,1699933502
41,laishevo,55.4046,49.5504,41.22,87,90,14.0,RU,1699933887
42,longyearbyen,78.2186,15.6401,12.04,85,100,6.91,SJ,1699933543
43,fort st. john,56.2499,-120.8529,21.09,93,0,5.75,CA,1699933887
44,koulikoro,14.0,-7.75,70.68,14,4,7.92,ML,1699933887
45,hermanus,-34.4187,19.2345,58.46,82,57,16.71,ZA,1699933535
46,kodiak,57.79,-152.4072,40.51,48,0,10.36,US,1699933547
47,caleta de carquin,-11.0925,-77.6267,66.83,89,24,11.74,PE,1699933888
48,ushuaia,-54.8,-68.3,35.26,75,0,4.61,AR,1699933532
49,okha,53.5739,142.9478,26.15,77,99,14.36,RU,1699933840
50,centralia,46.7162,-122.9543,43.63,97,75,0.0,US,1699933643
51,nova vicosa,-17.8919,-39.3719,75.74,83,48,14.43,BR,1699933545
52,georgetown,5.4112,100.3354,88.95,77,20,6.91,MY,1699933533
53,mossel bay,-34.1831,22.146,53.53,82,9,15.12,ZA,1699933680
54,kez,57.8979,53.7152,39.69,96,100,13.15,RU,1699933889
55,tazacorte,28.629,-17.9293,75.15,31,0,10.0,ES,1699933889
56,nagqu,31.5,92.0,28.9,24,100,5.93,CN,1699933889
57,east london,-33.0153,27.9116,58.14,94,75,3.44,ZA,1699933889
58,tayga,56.06,85.6197,25.72,83,71,5.55,RU,1699933890
59,margaret river,-33.95,115.0667,68.49,63,100,11.34,AU,1699933539
60,saipan,15.1355,145.701,88.5,66,40,20.71,MP,1699933554
61,kanel,15.4916,-13.1763,80.56,11,85,11.59,SN,1699933890
62,vilyuysk,63.7553,121.6247,12.18,94,100,5.35,RU,1699933891
63,ar raqqah,35.95,39.0167,68.25,43,100,6.85,SY,1699933891
64,gamba,-2.65,10.0,77.76,87,100,5.68,GA,1699933891
65,weno,7.4515,151.8468,87.75,74,100,3.44,FM,1699933891
66,albany,42.6001,-73.9662,33.17,86,72,1.97,US,1699933532
67,nar'yan-mar,67.6713,53.087,18.1,96,100,8.99,RU,1699933557
68,blackmans bay,-43.0167,147.3167,59.52,57,12,11.25,AU,1699933534
69,isafjordur,66.0755,-23.124,34.7,86,40,6.6,IS,1699933538
70,anadyr,64.75,177.4833,7.3,71,5,29.08,RU,1699933541
71,aripuana,-9.1667,-60.6333,73.4,88,74,2.17,BR,1699933892
72,wailua homesteads,22.0669,-159.378,81.03,82,40,16.11,US,1699933892
73,kanniyakumari,8.0833,77.5667,81.81,72,100,9.15,IN,1699933893
74,khanty-mansiysk,61.0042,69.0019,24.91,100,75,13.42,RU,1699933893
75,bilibino,68.0546,166.4372,-20.52,100,100,2.24,RU,1699933536
76,happy valley-goose bay,53.3168,-60.3315,21.51,73,40,8.05,CA,1699933563
77,tura,25.5198,90.2201,78.46,60,18,1.45,IN,1699933893
78,vila franca do campo,37.7167,-25.4333,64.81,99,81,5.82,PT,1699933735
79,puerto baquerizo moreno,-0.9,-89.6,74.77,82,96,9.42,EC,1699933894
80,codrington,-38.2667,141.9667,60.53,61,100,10.16,AU,1699933564
81,stanley,54.868,-1.6985,44.71,92,20,5.75,GB,1699933530
82,machico,32.7,-16.7667,67.71,85,75,5.75,PT,1699933894
83,vilyuchinsk,52.9306,158.4028,27.93,71,100,6.02,RU,1699933557
84,vanimo,-2.6741,141.3028,84.78,75,92,3.49,PG,1699933895
85,dudinka,69.4058,86.1778,-12.84,95,17,3.22,RU,1699933557
86,west island,-12.1568,96.8225,84.18,70,40,12.66,CC,1699933527
87,khabary,53.6259,79.5345,35.74,89,89,7.09,RU,1699933895
88,whitehorse,60.7161,-135.0538,23.77,85,100,5.75,CA,1699933530
89,al jawf,29.5,38.75,67.87,55,0,5.66,SA,1699933538
90,swakopmund,-22.6833,14.5333,59.85,85,90,3.2,NA,1699933896
91,jamestown,42.097,-79.2353,47.79,75,20,13.8,US,1699933540
92,alba posse,-27.5698,-54.6826,70.7,98,100,6.46,AR,1699933599
93,kudahuvadhoo,2.6708,72.8944,81.63,74,64,3.4,MV,1699933896
94,al kharijah,25.4514,30.5464,69.6,55,1,9.19,EG,1699933897
95,lienz,46.8289,12.769,47.19,92,63,4.7,AT,1699933897
96,rimouski,48.4488,-68.524,28.08,87,100,3.11,CA,1699933681
97,pinarhisar,41.6242,27.52,45.55,75,14,1.79,TR,1699933726
98,constantia,44.1833,28.65,38.08,62,58,9.31,RO,1699933551
99,iqaluit,63.7506,-68.5145,-0.31,64,0,4.61,CA,1699933537
100,hithadhoo,-0.6,73.0833,81.54,79,57,10.38,MV,1699933549
101,corovode,40.5042,20.2272,53.15,53,73,2.21,AL,1699933898
102,enoch,37.7733,-113.0244,48.45,45,0,6.91,US,1699933899
103,moanda,-1.5575,13.2178,70.75,98,92,0.58,GA,1699933899
104,kotlas,61.2611,46.6556,37.06,98,100,8.01,RU,1699933899
105,la tuque,47.4334,-72.7824,30.45,74,100,2.3,CA,1699933899
106,linxia chengguanzhen,35.6003,103.2064,45.01,46,0,2.33,CN,1699933900
107,kingston,17.997,-76.7936,83.35,80,20,3.44,JM,1699933642
108,aswan,24.0934,32.907,76.46,43,40,10.96,EG,1699933900
109,dalandzadgad,43.5708,104.425,35.31,29,88,2.48,MN,1699933900
110,karratha,-20.7377,116.8463,87.22,34,5,17.18,AU,1699933900
111,kailua-kona,19.6406,-155.9956,82.36,80,75,8.05,US,1699933901
112,minas de marcona,-15.2119,-75.1103,56.8,87,65,13.76,PE,1699933901
113,angaur state,6.906,134.13,83.03,77,87,10.6,PW,1699933901
114,hacienda huancane,-15.8222,-70.8856,41.83,64,51,7.58,PE,1699933901
115,coquimbo,-29.9533,-71.3436,56.93,82,0,2.3,CL,1699933632
116,klyuchi,52.2667,79.1667,38.73,87,92,8.57,RU,1699933856
117,port alfred,-33.5906,26.891,56.17,95,79,12.46,ZA,1699933542
118,pisco,-13.7,-76.2167,67.01,82,0,11.5,PE,1699933635
119,mulanje,-16.0316,35.5,68.02,89,13,3.33,MW,1699933902
120,la ronge,55.1001,-105.2842,34.05,75,100,10.36,CA,1699933902
121,tolanaro,-25.0319,46.9987,75.43,69,26,6.24,MG,1699933548
122,laghouat,33.8,2.8651,53.51,40,0,1.74,DZ,1699933903
123,nemuro,43.3236,145.575,41.4,51,16,22.01,JP,1699933553
124,hilo,19.7297,-155.09,74.12,92,75,1.01,US,1699933541
125,ilulissat,69.2167,-51.1,24.82,63,100,13.8,GL,1699933539
126,olonkinbyen,70.9221,-8.7187,29.53,76,98,8.43,SJ,1699933561
127,adrar,20.5022,-10.0711,70.99,21,30,10.69,MR,1699933903
128,ta`u,-14.2336,-169.5144,81.14,82,57,11.65,AS,1699933551
129,dhidhdhoo,6.8833,73.1,82.13,74,50,2.75,MV,1699933904
130,san jose del cabo,23.0589,-109.6977,80.74,75,0,10.36,MX,1699933904
131,ribeira grande,38.5167,-28.7,60.78,81,100,7.0,PT,1699933529
132,bella union,-30.2752,-57.6007,64.27,97,100,10.31,UY,1699933905
133,badger,64.8,-147.5333,26.47,91,100,0.0,US,1699933550
134,yuzhno-kurilsk,44.0306,145.8556,36.37,80,40,20.89,RU,1699933905
135,hawaiian paradise park,19.5933,-154.9731,73.9,94,75,0.0,US,1699933541
136,carnarvon,-24.8667,113.6333,73.26,63,92,9.86,AU,1699933530
137,keflavik,64.0049,-22.5624,46.83,61,75,19.57,IS,1699933550
138,invercargill,-46.4,168.35,53.02,91,89,15.01,NZ,1699933496
139,atafu village,-8.5421,-172.5159,80.28,87,100,12.48,TK,1699933560
140,port mathurin,-19.6833,63.4167,80.69,83,20,4.61,MU,1699933531
141,talnakh,69.4865,88.3972,-6.86,96,40,6.13,RU,1699933528
142,mount pearl,47.5166,-52.7813,30.85,83,75,5.75,CA,1699933564
143,bethel,41.3712,-73.414,38.93,82,0,4.61,US,1699933537
144,bovalino,38.149,16.174,67.33,79,40,8.57,IT,1699933906
145,leer,53.2316,7.461,52.95,92,79,27.29,DE,1699933906
146,polyarnyy,69.1989,33.4478,15.48,97,95,2.66,RU,1699933907
147,ust-nera,64.5667,143.2,-19.19,98,55,5.39,RU,1699933570
148,saarijarvi,62.7049,25.254,28.56,91,100,6.73,FI,1699933907
149,bereznik,62.8551,42.7072,32.67,99,100,2.08,RU,1699933907
150,dali,25.7,100.1833,66.61,49,25,2.37,CN,1699933907
151,bonga,7.2833,36.2333,58.23,97,47,2.28,ET,1699933907
152,praia da vitoria,38.7333,-27.0667,61.05,94,40,4.85,PT,1699933908
153,tomatlan,19.9333,-105.25,75.74,85,8,2.59,MX,1699933908
154,chinchilla,-26.75,150.6333,96.76,19,0,8.93,AU,1699933908
155,macau,22.2006,113.5461,71.85,73,40,17.27,MO,1699933908
156,choix,26.7092,-108.3219,71.8,45,0,4.29,MX,1699933908
157,barmer,25.75,71.3833,75.78,29,99,10.09,IN,1699933909
158,benjamin constant,-4.3831,-70.0311,77.13,95,73,1.3,BR,1699933743
159,salinopolis,-0.6136,-47.3561,78.46,82,67,8.23,BR,1699933909
160,udachny,66.4167,112.4,21.45,85,100,8.41,RU,1699933532
161,upata,8.0086,-62.3989,75.2,87,14,5.35,VE,1699933909
162,thames,-37.1333,175.5333,59.92,81,100,6.85,NZ,1699933910
163,bubaque,11.2833,-15.8333,82.26,68,35,8.68,GW,1699933910
164,ilha de mocambique,-15.0342,40.7358,79.2,80,100,12.88,MZ,1699933910
165,changyon,38.2508,125.0961,50.41,54,87,8.97,KP,1699933910
166,alto piquiri,-24.0281,-53.4406,75.74,78,11,6.6,BR,1699933910
167,cuamba,-14.8031,36.5372,70.5,88,96,2.06,MZ,1699933911
168,buedu,8.2803,-10.3719,69.91,92,94,0.83,SL,1699933911
169,lundazi,-12.2929,33.1782,68.29,82,42,9.69,ZM,1699933911
170,navia,43.5354,-6.7194,66.11,71,96,11.79,ES,1699933911
171,alvorada,-12.48,-49.1247,78.15,53,8,2.91,BR,1699933911
172,ballina,-28.8667,153.5667,74.52,70,43,14.14,AU,1699933693
173,six-fours-les-plages,43.0938,5.84,66.45,82,73,1.99,FR,1699933912
174,saint-philippe,-21.3585,55.7679,78.39,77,53,7.45,RE,1699933912
175,college,64.8569,-147.8028,26.55,90,100,0.0,US,1699933565
176,novokayakent,42.3937,47.9861,55.67,83,85,11.32,RU,1699933912
177,arraial do cabo,-22.9661,-42.0278,76.96,88,0,9.22,BR,1699933553
178,dunedin,-45.8742,170.5036,58.35,72,100,9.13,NZ,1699933661
179,hamilton,39.1834,-84.5333,50.97,55,0,3.0,US,1699933893
180,red hill,33.9996,-79.2581,49.86,58,100,2.39,US,1699933913
181,nizhnevartovsk,60.9344,76.5531,15.82,100,100,7.0,RU,1699933913
182,manokwari,-0.8667,134.0833,83.79,75,86,6.96,ID,1699933913
183,vredendal,-31.6683,18.5012,68.11,41,33,11.79,ZA,1699933533
184,st. john's,47.5649,-52.7093,31.68,82,75,5.75,CA,1699933767
185,broome,42.2506,-75.833,39.65,80,75,6.91,US,1699933837
186,petropavlovsk-kamchatsky,53.0452,158.6483,26.46,74,0,28.01,RU,1699933558
187,vadso,70.0744,29.7487,24.96,86,75,11.5,NO,1699933914
188,usogorsk,63.4106,48.6872,30.67,94,100,5.82,RU,1699933566
189,boa vista,2.8197,-60.6733,84.18,61,0,6.91,BR,1699933769
190,anqing,30.5092,117.0506,54.59,32,0,0.36,CN,1699933915
191,luis correia,-2.8792,-41.6669,79.57,82,56,13.27,BR,1699933915
192,palmer,42.1584,-72.3287,35.51,81,75,0.0,US,1699933915
193,laguna,38.421,-121.4238,59.09,75,0,3.44,US,1699933556
194,alofi,-19.0595,-169.9187,78.69,89,100,11.5,NU,1699933915
195,laojunmiao,39.8333,97.7333,33.64,33,92,9.82,CN,1699933915
196,abagur,53.7308,87.2526,34.23,99,100,7.99,RU,1699933916
197,athens,37.9795,23.7162,62.33,82,20,4.0,GR,1699933862
198,wellington,-41.2866,174.7756,64.06,84,100,25.32,NZ,1699933820
199,richards bay,-28.783,32.0377,63.68,78,100,10.49,ZA,1699933916
200,cockburn town,21.4612,-71.1419,82.11,76,8,18.63,TC,1699933916
201,taroa,8.7058,171.2275,81.27,83,93,17.0,MH,1699933917
202,bonneville,46.0802,6.4073,61.61,97,100,7.49,FR,1699933917
203,vuktyl,63.8567,57.3094,23.11,76,100,8.99,RU,1699933917
204,tiksi,71.6872,128.8694,5.76,94,100,4.34,RU,1699933537
205,tarinkot,32.6268,65.8733,58.71,20,3,3.04,AF,1699933917
206,mithi,24.7318,69.7981,80.71,21,95,8.7,PK,1699933917
207,aioun,16.6614,-9.6149,75.76,14,0,10.54,MR,1699933918
208,mandalgovi,45.7625,106.2708,29.84,19,31,2.98,MN,1699933918
209,roma,43.2128,-75.4557,39.09,91,100,3.44,US,1699933918
210,uddevalla,58.3478,11.9424,34.16,90,100,12.57,SE,1699933918
211,saint-francois,46.4154,3.9054,54.84,94,100,5.75,FR,1699933918
212,mooloolaba,-26.6833,153.1167,85.3,75,0,5.99,AU,1699933919
213,al muwayh,22.4333,41.7583,71.78,39,72,9.82,SA,1699933919
214,thompson,55.7435,-97.8558,26.76,93,75,3.44,CA,1699933919
215,freistadt,48.511,14.5045,50.65,97,100,14.23,AT,1699933919
216,walvis bay,-22.9575,14.5053,59.95,88,0,3.44,NA,1699933919
217,labe,11.3182,-12.2833,64.06,28,60,1.05,GN,1699933919
218,isangel,-19.55,169.2667,80.71,69,75,13.8,VU,1699933920
219,rongelap,11.1635,166.8941,82.27,82,100,17.81,MH,1699933920
220,nuuk,64.1835,-51.7216,27.21,86,75,16.11,GL,1699933791
221,kununurra,-15.7667,128.7333,96.78,41,59,6.91,AU,1699933920
222,solleftea,63.1667,17.2667,19.26,96,100,4.68,SE,1699933920
223,staryye ozinki,51.1786,49.6769,41.29,88,98,5.93,RU,1699933921
224,kone,-21.0595,164.8658,80.92,46,5,9.62,NC,1699933921
225,el granada,37.5027,-122.4694,59.63,76,20,9.22,US,1699933921
226,gandi,12.9636,5.7434,70.07,13,9,9.19,NG,1699933921
227,hasaki,35.7333,140.8333,66.29,33,0,3.49,JP,1699933560
228,nuevitas,21.5453,-77.2644,78.46,84,11,8.61,CU,1699933922
229,geraldton,-28.7667,114.6,79.21,61,43,11.5,AU,1699933650
230,lawas,13.764,121.0566,84.97,80,100,7.87,PH,1699933922
231,noumea,-22.2763,166.4572,80.58,60,28,19.3,NC,1699933922
232,lihue,21.9789,-159.3672,81.64,75,40,16.11,US,1699933466
233,show low,34.2542,-110.0298,48.49,64,0,10.36,US,1699933861
234,howard springs,-12.497,131.047,91.87,61,44,9.57,AU,1699933573
235,lagunas,-5.2269,-75.6753,80.15,76,87,2.24,PE,1699933923
236,yeraliyev,43.2,51.65,55.29,93,27,14.25,KZ,1699933924
237,peace river,56.2501,-117.286,25.11,86,100,2.3,CA,1699933924
238,mogadishu,2.0371,45.3438,82.35,76,100,6.85,SO,1699933732
239,belfast,54.5833,-5.9333,49.48,100,75,8.05,GB,1699933775
240,hadibu,12.65,54.0333,80.46,83,76,10.71,YE,1699933925
241,pacasmayo,-7.4006,-79.5714,67.19,84,21,13.27,PE,1699933925
242,northam,51.0333,-4.2167,55.62,90,95,21.74,GB,1699933925
243,iskateley,67.6803,53.1512,18.01,96,100,8.99,RU,1699933573
244,mar del plata,-38.0023,-57.5575,57.09,57,0,10.0,AR,1699933926
245,kavaratti,10.5669,72.642,81.64,70,63,2.53,IN,1699933926
246,aleksandrov gay,50.147,48.5704,43.59,81,100,3.8,RU,1699933926
247,ancud,-41.8697,-73.8203,42.53,70,31,7.67,CL,1699933559
248,kerikeri,-35.2268,173.9474,57.72,87,100,9.06,NZ,1699933926
249,preobrazheniye,42.9019,133.9064,38.64,35,0,4.36,RU,1699933927
250,afaahiti,-17.75,-149.2833,82.06,90,95,14.52,PF,1699933532
251,alice springs,-23.7,133.8833,96.35,14,14,8.05,AU,1699933562
252,yanam,16.7333,82.2167,80.92,68,94,9.19,IN,1699933927
253,mantua,45.1667,10.7833,47.35,91,98,1.01,IT,1699933927
254,remire-montjoly,4.9167,-52.2667,77.04,94,0,0.0,GF,1699933535
255,quellon,-43.1167,-73.6167,39.43,81,96,7.52,CL,1699933928
256,acapulco de juarez,16.8634,-99.8901,85.82,74,0,10.36,MX,1699933928
257,moranbah,-22.0016,148.0466,95.49,19,0,9.82,AU,1699933928
258,holualoa,19.6228,-155.9522,78.64,80,75,8.05,US,1699933928
259,cork,51.898,-8.4706,51.57,93,40,14.97,IE,1699933929
260,yelizovo,53.1873,158.3805,27.81,68,0,4.47,RU,1699933547
261,kastsyukovichy,53.3516,32.0506,38.57,88,97,11.07,BY,1699933929
262,oamaru,-45.0784,170.9801,57.79,77,30,8.3,NZ,1699933929
263,montrose,38.4166,-108.2673,32.54,24,79,5.73,US,1699933351
264,sandnessjoen,66.0217,12.6316,9.12,63,28,9.71,NO,1699933930
265,la'ie,21.6477,-157.9253,82.36,75,51,8.99,US,1699933930
266,guerrero negro,27.9769,-114.0611,68.27,60,100,9.35,MX,1699933930
267,bikenibeu village,1.3673,173.1241,82.36,94,75,12.66,KI,1699933930
268,antsiranana,-12.2787,49.2917,80.02,73,76,8.95,MG,1699933930
269,sola,-13.8833,167.55,81.27,74,100,4.61,VU,1699933931
270,porto novo,6.4965,2.6036,76.82,88,5,1.36,BJ,1699933931
271,brookings,44.3114,-96.7984,52.05,42,0,17.27,US,1699933931
272,bukhara,39.7747,64.4286,40.95,75,0,0.0,UZ,1699933931
273,dvubratskiy,45.2389,39.805,47.64,94,100,18.77,RU,1699933931
274,leava,-14.3,-178.1667,83.62,84,100,15.46,WF,1699933932
275,hau-ri,41.2006,129.4703,47.26,40,23,3.74,KP,1699933932
276,dzhetygara,52.1908,61.2006,39.43,78,100,18.3,KZ,1699933932
277,chos malal,-37.3781,-70.2709,51.3,40,5,7.45,AR,1699933932
278,port saint john's,-31.6229,29.5448,61.79,74,99,4.27,ZA,1699933932
279,nova sintra,14.8667,-24.7167,74.8,72,100,12.46,CV,1699933548
280,port lincoln,-34.7333,135.8667,63.55,67,58,9.78,AU,1699933563
281,undurkhaan,47.3194,110.6556,12.7,77,3,3.36,MN,1699933933
282,puerto aysen,-45.4,-72.7,35.71,99,100,4.99,CL,1699933917
283,khandyga,62.6667,135.6,-10.21,96,64,2.46,RU,1699933527
284,mount isa,-20.7333,139.5,101.97,11,0,12.66,AU,1699933933
285,igarka,67.4667,86.5833,-0.71,83,33,14.03,RU,1699933542
286,moyynkum,44.2914,72.9469,41.29,57,0,18.84,KZ,1699933934
287,crane,31.3974,-102.3501,51.71,83,100,6.51,US,1699933930
288,makoua,0.0069,15.6333,70.95,96,94,1.99,CG,1699933934
289,khanu woralaksaburi,16.0617,99.8606,82.24,73,94,6.67,TH,1699933934
290,wabag,-5.4781,143.7021,60.08,84,100,0.85,PG,1699933935
291,castillos,-34.1667,-53.8333,59.47,91,100,6.33,UY,1699933935
292,taltal,-25.4,-70.4833,61.97,74,39,1.16,CL,1699933935
293,argo,37.6333,22.7333,59.59,68,37,2.42,GR,1699933935
294,wellston,39.1234,-82.5329,41.68,52,9,5.91,US,1699933935
295,yima,34.7381,111.8839,52.88,34,0,7.54,CN,1699933935
296,mugia,43.1041,-9.2179,65.91,93,100,29.53,ES,1699933527
297,necochea,-38.5473,-58.7368,55.24,50,44,13.31,AR,1699933936
298,mesquite,32.7668,-96.5992,59.52,69,0,1.99,US,1699933491
299,mawlamyinegyunn,16.3833,95.2667,85.44,72,87,10.38,MM,1699933936
300,pazar,40.2765,36.2835,58.24,61,100,5.17,TR,1699933936
301,meulaboh,4.1363,96.1285,77.56,91,100,5.19,ID,1699933937
302,nepanagar,21.4667,76.4,74.91,41,99,4.32,IN,1699933937
303,santa croce camerina,36.8289,14.5268,51.48,93,7,4.61,IT,1699933747
304,anchorage,61.2181,-149.9003,29.35,91,0,6.91,US,1699933063
305,altamont,42.2068,-121.7372,42.64,80,0,1.01,US,1699933544
306,villablino,42.9393,-6.3194,56.19,96,100,6.89,ES,1699933646
307,bykhaw,53.5193,30.2469,38.01,91,100,10.92,BY,1699933937
308,ponta delgada,37.7333,-25.6667,65.12,88,40,6.91,PT,1699933656
309,fayroz koh,34.5195,65.2509,42.51,28,4,3.47,AF,1699933938
310,mizan teferi,6.9833,35.5833,61.41,96,86,2.37,ET,1699933938
311,vernon,50.2581,-119.2691,44.96,66,19,4.0,CA,1699933938
312,tyazhinskiy,56.116,88.524,28.87,88,97,10.2,RU,1699933938
313,fomboni,-12.28,43.7425,81.03,78,61,4.76,KM,1699933939
314,chania,35.5122,24.0156,60.4,88,20,0.0,GR,1699933939
315,okoneshnikovo,54.8377,75.0834,35.4,90,100,9.08,RU,1699933939
316,varazze,44.3595,8.5741,62.53,97,97,4.88,IT,1699933939
317,shihezi,44.3,86.0333,42.53,60,93,9.66,CN,1699933939
318,par naogaon,24.8029,88.9508,79.57,57,12,7.27,BD,1699933940
319,portsmouth,50.799,-1.0913,57.9,88,89,10.0,GB,1699933940
320,oranjemund,-28.55,16.4333,60.76,73,0,1.88,NA,1699933940
321,azul,-36.777,-59.8585,50.38,60,29,7.02,AR,1699933940
322,boguchany,58.3814,97.4531,33.85,97,100,10.0,RU,1699933940
323,gisborne,-38.6533,178.0042,65.77,52,98,13.44,NZ,1699933657
324,manhattan,40.7834,-73.9662,48.6,62,75,9.22,US,1699933827
325,buston,40.2342,69.6948,46.58,81,0,17.9,TJ,1699933941
326,dryden,49.7833,-92.7503,32.29,86,20,6.91,CA,1699933941
327,sault ste. marie,46.5168,-84.3333,41.29,73,100,16.11,CA,1699933777
328,baruun-urt,46.6806,113.2792,18.09,77,33,8.52,MN,1699933941
329,mulayjah,27.271,48.4242,75.22,58,2,3.47,SA,1699933942
330,nagasaki,32.7447,129.8736,60.62,51,75,5.75,JP,1699933687
331,santa rita do passa quatro,-21.7103,-47.4781,76.8,39,60,3.04,BR,1699933942
332,westport,41.1415,-73.3579,44.02,78,0,1.01,US,1699933897
333,alta sierra,35.7291,-118.5495,41.11,30,1,6.22,US,1699933942
334,stjordalshalsen,63.4681,10.9262,28.92,74,0,9.22,NO,1699933943
335,kapuskasing,49.4169,-82.4331,33.89,93,100,8.05,CA,1699933541
336,chiang klang,19.2938,100.8617,83.79,69,48,2.33,TH,1699933943
337,moroto,2.5345,34.6666,68.02,79,66,6.44,UG,1699933943
338,kismayo,-0.3582,42.5454,81.64,78,90,6.44,SO,1699933943
339,fale old settlement,-9.3852,-171.2468,79.61,84,100,1.63,TK,1699933944
340,bex,46.2521,7.0114,61.07,91,100,3.31,CH,1699933944
341,daru,-9.0763,143.2092,83.43,62,30,10.51,PG,1699933892
342,chonchi,-42.6128,-73.8092,40.21,92,79,3.33,CL,1699933555
343,mariinskiy posad,56.115,47.718,40.14,81,98,11.48,RU,1699933945
344,adzope,6.1069,-3.8619,73.09,99,17,1.59,CI,1699933946
345,kuching,1.55,110.3333,93.22,64,20,4.61,MY,1699933946
346,kirensk,57.7853,108.1119,24.96,95,100,10.0,RU,1699933566
347,anxiang,29.4,112.15,55.9,41,0,3.83,CN,1699933946
348,port-vila,-17.7338,168.3219,80.2,61,75,12.66,VU,1699933946
349,filipstad,59.7124,14.1683,28.15,88,100,9.69,SE,1699933947
350,alfredo v. bonfil,21.0833,-86.85,77.07,88,100,4.0,MX,1699933947
351,ulsteinvik,62.3432,5.8487,36.32,76,2,5.01,NO,1699933569
352,lompoc,34.6391,-120.4579,56.79,83,0,6.91,US,1699933561
353,majuro,7.0897,171.3803,80.56,89,100,6.91,MH,1699933947
354,ubari,26.5921,12.7805,61.38,58,4,6.87,LY,1699933947
355,santa elena de uairen,4.6167,-61.1333,69.71,68,58,3.53,VE,1699933948
356,sena madureira,-9.0656,-68.6569,74.41,95,62,2.08,BR,1699933948
357,elliot lake,46.3834,-82.6331,34.16,76,55,9.22,CA,1699933948
358,goure,13.9835,10.2704,73.44,19,97,9.37,NE,1699933948
359,ban karon,7.8477,98.2985,84.11,73,100,12.12,TH,1699933948
360,zemio,5.0314,25.1361,69.89,97,100,5.55,CF,1699933949
361,morehead city,34.7229,-76.726,53.98,90,0,0.0,US,1699933949
362,nieuw amsterdam,5.8833,-55.0833,79.02,87,17,6.67,SR,1699933949
363,kita,13.0349,-9.4895,70.59,15,28,4.9,ML,1699933949
364,manado,1.487,124.8455,92.17,55,40,5.75,ID,1699933949
365,toyooka,35.5333,134.8333,57.25,67,40,3.44,JP,1699933778
366,phalaborwa,-23.943,31.1411,63.68,85,100,11.41,ZA,1699933950
367,gizo,-8.103,156.8419,81.77,75,100,8.32,SB,1699933565
368,maloye ganyushkino,46.6,49.2667,47.21,72,99,10.07,KZ,1699933950
369,saint-joseph,-21.3667,55.6167,78.48,74,51,5.39,RE,1699933529
370,gjilan,42.4604,21.4699,40.59,83,84,2.37,XK,1699933951
371,margate,51.3813,1.3862,54.9,80,72,10.0,GB,1699933727
372,cannonvale,-20.2833,148.7,79.99,52,0,9.35,AU,1699933951
373,gadzhiyevo,69.2551,33.3362,15.24,98,95,3.02,RU,1699933567
374,calbuco,-41.768,-73.1273,40.21,71,14,7.99,CL,1699933951
375,kruisfontein,-34.0033,24.7314,53.55,87,35,5.48,ZA,1699933392
376,richmond,37.5538,-77.4603,43.16,89,0,0.0,US,1699933244
377,yadrin,55.9405,46.2062,41.95,79,94,12.82,RU,1699933952
378,vorgashor,67.5833,63.95,9.7,88,100,8.7,RU,1699933530
379,fada,9.5667,8.3,72.63,25,100,4.09,NG,1699933952
380,sumbe,-11.2061,13.8437,77.56,90,100,3.44,AO,1699933953
381,buka,40.8108,69.1986,51.73,32,0,2.8,UZ,1699933953
382,petropavlovskaya,45.0819,40.4512,50.41,89,100,7.92,RU,1699933953
383,santa cruz de tenerife,28.4682,-16.2546,76.32,62,100,7.0,ES,1699933953
384,saudarkrokur,65.7461,-19.6394,29.16,83,11,9.55,IS,1699933954
385,mabaruma,8.2,-59.7833,77.09,88,33,4.18,GY,1699933954
386,maysville,38.6412,-83.7444,48.0,53,0,4.61,US,1699933954
387,sao gabriel da cachoeira,-0.1303,-67.0892,75.38,91,62,1.01,BR,1699933954
388,sinabang,2.4803,96.3801,77.79,86,100,4.0,ID,1699933954
389,aljezur,37.3191,-8.8033,61.05,80,4,5.82,PT,1699933955
390,giyani,-23.3025,30.7187,63.59,84,99,11.72,ZA,1699933955
391,lorengau,-2.0226,147.2712,82.89,77,97,6.71,PG,1699933556
392,bodo,67.28,14.405,26.78,55,0,19.57,NO,1699933895
393,eyl,7.9803,49.8164,81.43,73,19,14.0,SO,1699933955
394,amga,60.8953,131.9608,0.54,93,95,2.21,RU,1699933552
395,taoudenni,22.6783,-3.9836,73.47,20,4,13.82,ML,1699933690
396,magadan,59.5667,150.8,4.53,72,71,10.8,RU,1699933931
397,natchitoches,31.7668,-93.1335,61.65,72,100,4.61,US,1699933956
398,maksatikha,57.797,35.8825,34.0,97,100,8.05,RU,1699933957
399,san cristobal,7.7669,-72.225,73.58,97,74,2.71,VE,1699933957
400,guayaramerin,-10.8368,-65.3614,81.75,60,72,2.91,BO,1699933957
401,colonia,50.9333,6.95,53.83,75,75,19.57,DE,1699933452
402,meadow lakes,61.6247,-149.6011,24.24,93,83,4.88,US,1699933957
403,muli,2.9167,73.5667,81.82,73,89,3.58,MV,1699933958
404,ca mau,9.1769,105.15,86.58,66,99,14.16,VN,1699933675
405,nadvoitsy,63.8667,34.3167,26.85,94,98,8.86,RU,1699933958
406,kalmunai,7.4167,81.8167,82.24,77,62,3.71,LK,1699933812
407,bamboo flat,11.7,92.7167,78.89,89,100,5.75,IN,1699933544
408,gemena,3.25,19.7667,70.2,99,100,2.13,CD,1699933959
409,fort mcmurray,56.7268,-111.381,26.19,86,100,2.3,CA,1699933959
410,zaozersk,69.4005,32.4476,8.49,100,94,2.57,RU,1699933563
411,mangrol,21.1167,70.1167,81.07,32,26,9.53,IN,1699933959
412,tabou,4.423,-7.3528,77.88,87,6,4.21,CI,1699933959
413,uturoa,-16.7333,-151.4333,80.51,84,65,18.66,PF,1699933531
414,melo,-32.3667,-54.1833,59.79,97,100,9.19,UY,1699933813
415,kalecik,40.0972,33.4083,51.71,69,95,5.46,TR,1699933960
416,labrador city,52.9463,-66.9114,13.91,92,100,5.75,CA,1699933960
417,bouar,5.934,15.596,65.07,94,16,1.95,CF,1699933960
418,sretensk,52.2453,117.7093,22.91,61,37,3.29,RU,1699933961
419,berdigestyakh,62.0989,126.6992,9.75,96,99,4.85,RU,1699933961
420,cidreira,-30.1811,-50.2056,68.2,96,100,4.61,BR,1699933961
421,prince george,53.9166,-122.753,33.26,96,100,11.5,CA,1699933872
422,tondano,1.3038,124.9112,84.29,73,73,1.72,ID,1699933962
423,wynyard,-41.0,145.7167,68.4,38,74,7.83,AU,1699933962
424,deolali,19.95,73.8333,77.04,43,94,6.98,IN,1699933962
425,alesund,62.4723,6.1549,36.34,75,0,8.05,NO,1699933962
426,riverton,40.5219,-111.9391,55.63,32,0,7.0,US,1699933806
427,hong kong,22.2855,114.1577,72.25,75,98,1.99,HK,1699933805
428,tyukhtet,56.5389,89.3011,26.74,82,77,9.04,RU,1699933963
429,mersa matruh,31.3525,27.2453,70.14,63,33,15.7,EG,1699933671
430,songea,-10.6833,35.65,70.95,83,75,3.44,TZ,1699933963
431,syktyvkar,61.6764,50.8099,35.33,100,100,4.47,RU,1699933905
432,las lomitas,-24.7096,-60.593,67.15,95,100,6.62,AR,1699933963
433,maintirano,-18.0667,44.0167,79.61,68,0,11.77,MG,1699933558
434,sur,22.5667,59.5289,78.73,43,28,1.14,OM,1699933539
435,aykhal,66.0,111.5,16.36,94,100,8.72,RU,1699933964
436,malysheva,57.1185,61.4035,37.04,94,100,10.98,RU,1699933964
437,katsuura,35.1333,140.3,58.19,44,16,4.68,JP,1699933559
438,kayangel,8.0823,134.7173,82.89,79,74,14.29,PW,1699933965
439,kolonia,50.9333,6.95,54.43,76,75,19.57,DE,1699933898
440,ellsworth,44.5434,-68.4195,31.53,90,0,5.75,US,1699933965
441,sao joao da barra,-21.6403,-41.0511,74.35,92,68,5.99,BR,1699933965
442,oroqen zizhiqi,50.5667,123.7167,27.86,54,100,5.17,CN,1699933965
443,south valley,35.0101,-106.6781,53.11,57,0,5.75,US,1699933966
444,choele choel,-39.2667,-65.6833,58.75,33,1,22.26,AR,1699933966
445,cabo san lucas,22.8909,-109.9124,81.52,62,0,10.36,MX,1699933529
446,natal,-5.795,-35.2094,79.45,83,40,10.36,BR,1699933966
447,yeppoon,-23.1333,150.7333,92.98,57,0,14.14,AU,1699933927
448,xining,36.6167,101.7667,40.06,38,0,0.92,CN,1699933917
449,promyshlennaya,54.9159,85.6385,33.62,98,100,9.73,RU,1699933967
450,bel ombre,-4.6167,55.4167,84.04,79,40,10.36,SC,1699933968
451,begusarai,25.4167,86.1333,78.13,40,32,4.07,IN,1699933968
452,sittwe,20.15,92.9,83.8,66,98,2.55,MM,1699933968
453,rio grande,-32.035,-52.0986,65.95,95,100,7.0,BR,1699933560
454,durban,-29.8579,31.0292,61.72,75,100,10.4,ZA,1699933969
455,usinsk,65.9939,57.5281,19.08,83,100,5.01,RU,1699933569
456,faya-largeau,17.9257,19.1043,74.25,23,87,27.83,TD,1699933969
457,lycksele,64.5954,18.6735,1.27,92,100,2.3,SE,1699933969
458,balabac,7.9868,117.0645,85.66,73,71,12.75,PH,1699933544
459,guarapari,-20.6667,-40.4975,76.89,81,88,10.11,BR,1699933969
460,east ballina,-28.8667,153.5833,74.19,71,40,14.34,AU,1699933572
461,san luis de la loma,17.2706,-100.8939,79.88,83,36,5.88,MX,1699933970
462,tsiombe,-25.3,45.4833,72.27,78,91,8.84,MG,1699933970
463,kirando,-7.4167,30.6,71.82,85,93,3.85,TZ,1699933970
464,stoke-on-trent,53.0042,-2.1854,50.13,62,87,15.55,GB,1699933893
465,patterson,37.4716,-121.1297,60.78,69,42,4.0,US,1699933971
466,takahagi,36.7167,140.7167,62.19,46,8,1.99,JP,1699933971
467,howrah,22.5892,88.3103,77.0,73,20,4.61,IN,1699933971
468,askoy,60.4092,5.226,37.74,55,59,4.61,NO,1699933971
469,gorokhovets,56.1947,42.7003,40.06,80,90,13.53,RU,1699933971
470,namibe,-15.1961,12.1522,72.39,67,97,4.83,AO,1699933553
471,la passe,45.5549,-0.8967,59.23,90,100,8.9,FR,1699933539
472,casino,-28.8667,153.05,81.57,39,14,8.84,AU,1699933972
473,khenifra,32.9333,-5.6667,63.97,39,91,3.02,MA,1699933972
474,luderitz,-26.6481,15.1594,60.62,75,0,5.57,NA,1699933859
475,kentville,45.0835,-64.4988,36.41,92,22,4.61,CA,1699933973
476,keelung,25.1283,121.7419,69.06,81,100,10.2,TW,1699933973
477,palikir - national government center,6.9248,158.1611,85.05,74,100,9.22,FM,1699933973
478,karkira,36.9292,6.5856,63.09,61,4,2.51,DZ,1699933973
479,lashio,22.9333,97.75,76.57,65,67,1.52,MM,1699933973
480,suva,-18.1416,178.4415,80.08,89,75,12.66,FJ,1699933901
481,yazykovo,55.2199,56.1353,37.96,88,100,17.92,RU,1699933974
482,shimoda,34.6667,138.95,62.96,70,77,3.33,JP,1699933547
483,liaozhong,41.5061,122.7242,41.61,56,71,3.62,CN,1699933974
484,touros,-5.1989,-35.4608,79.39,79,76,11.63,BR,1699933974
485,puerto francisco de orellana,-0.4667,-76.9667,73.36,94,15,1.99,EC,1699933974
486,shenjiamen,29.9576,122.298,57.24,66,66,11.92,CN,1699933974
487,lijiang,26.8688,100.2207,59.76,27,24,4.14,CN,1699933975
488,chiredzi,-21.05,31.6667,68.72,86,99,12.93,ZW,1699933975
489,labytnangi,66.6572,66.4183,0.54,99,100,2.08,RU,1699933975
490,brevard,28.292,-80.7492,73.38,95,0,9.22,US,1699933975
491,kiunga,-6.1219,141.2906,93.45,44,76,2.8,PG,1699933542
492,kodinsk,58.6881,99.1844,33.44,94,100,11.18,RU,1699933976
493,ust-tsilma,65.441,52.1498,22.6,95,100,3.0,RU,1699933976
494,lata,40.1629,-8.3327,57.07,95,58,2.37,PT,1699933976
495,vorkuta,67.5,64.0,10.26,88,100,8.14,RU,1699933547
496,kharkhorin,47.1975,102.8238,21.43,65,55,0.36,MN,1699933976
497,cam ranh,11.9214,109.1591,75.16,100,75,6.91,VN,1699933977
498,susuman,62.7833,148.1667,-20.94,98,74,1.39,RU,1699933890
499,ad dilam,23.9915,47.1627,70.21,45,100,5.32,SA,1699933977
500,were ilu,10.6,39.4333,49.69,85,41,5.5,ET,1699933977
501,tamanrasset,22.785,5.5228,62.51,23,0,10.36,DZ,1699933532
502,tangalle,6.024,80.7911,78.96,89,98,9.19,LK,1699933978
503,pionerskiy,54.9508,20.2275,41.14,81,100,14.79,RU,1699933978
504,island harbour,50.724,-1.2758,57.92,86,85,7.0,GB,1699933978
505,groningen,53.25,6.75,53.67,86,75,26.46,NL,1699933721
506,inda silase,14.1031,38.2829,60.96,69,58,5.44,ET,1699933978
507,ruidoso,33.3317,-105.673,45.05,95,100,3.04,US,1699933979
508,medina,24.4686,39.6142,75.63,31,0,3.44,SA,1699933759
509,kristiansund,63.1115,7.732,34.45,60,75,6.91,NO,1699933571
510,homer,59.6425,-151.5483,40.87,68,0,17.27,US,1699933979
511,chicoana,-25.1009,-65.5331,63.05,84,94,3.44,AR,1699933979
512,zangilan,39.0883,46.6512,62.2,37,89,4.92,AZ,1699933980
513,nizhniy odes,63.6445,54.856,29.25,97,100,9.98,RU,1699933980
514,marshall,34.3834,-86.3333,56.34,71,0,3.44,US,1699933678
515,chifeng,42.2683,118.9636,36.63,40,5,4.7,CN,1699933980
516,korsakov,46.6328,142.7813,31.84,53,97,17.22,RU,1699933980
517,shalkar,47.8288,59.6258,39.9,79,91,14.5,KZ,1699933981
518,champerico,14.3,-91.9167,82.2,81,39,4.09,GT,1699933981
519,port shepstone,-30.7414,30.455,63.5,68,100,8.5,ZA,1699933981
520,turar ryskulov,42.5333,70.3333,45.45,41,0,6.24,KZ,1699933981
521,boca suno,-0.7167,-77.1333,73.58,91,28,2.26,EC,1699933981
522,zacatlan,19.9333,-97.9667,54.07,99,100,3.47,MX,1699933810
523,sao jose da coroa grande,-8.8978,-35.1478,76.55,86,96,4.56,BR,1699933447
524,auki,-8.7676,160.7034,81.54,79,92,2.51,SB,1699933982
525,acarau,-2.8856,-40.12,79.52,78,92,14.18,BR,1699933982
526,hami,42.8,93.45,42.73,26,63,4.29,CN,1699933983
527,qashyr,53.0675,76.1036,37.74,85,96,8.41,KZ,1699933983
528,ouani,-12.1322,44.4258,81.01,77,56,4.47,KM,1699933983
529,carutapera,-1.195,-46.02,77.16,85,78,6.85,BR,1699933983
530,khovd,48.0056,91.6419,27.57,74,100,2.82,MN,1699933983
531,myeik,12.4333,98.6,87.71,62,34,6.98,MM,1699933984
532,sandy,40.572,-111.8606,55.8,31,0,7.0,US,1699933984
533,labasa,-16.4167,179.3833,82.71,84,100,12.86,FJ,1699933566
534,ribeira brava,32.65,-17.0667,67.71,79,4,3.44,PT,1699933984
535,belmonte,-15.8631,-38.8828,75.31,84,7,9.42,BR,1699933567
536,sechura,-5.5569,-80.8222,69.4,78,11,13.67,PE,1699933985
537,saint-tropez,43.2693,6.6398,65.12,69,18,15.64,FR,1699933985
538,bambanglipuro,-7.95,110.2833,84.45,72,85,14.61,ID,1699933985
539,antofagasta,-23.65,-70.4,61.88,73,29,6.02,CL,1699933535
540,gouyave,12.1646,-61.7296,81.37,83,40,13.8,GD,1699933986
541,north bay,46.3168,-79.4663,38.1,91,100,13.8,CA,1699933986
542,laborde,-33.1532,-62.8566,54.82,73,0,7.18,AR,1699933986
543,magistral'nyy,56.1725,107.4458,21.36,92,100,6.73,RU,1699933986
544,pacific grove,36.6177,-121.9166,54.68,84,0,4.0,US,1699933987
545,kamyshevatskaya,46.4132,37.9563,45.37,87,100,10.09,RU,1699933987
546,selfoss,63.9331,-20.9971,43.05,75,78,17.9,IS,1699933570
547,panaba,21.2833,-88.2667,75.29,94,100,7.7,MX,1699933987
548,muroran,42.3172,140.9881,42.94,60,93,19.22,JP,1699933987
549,sergeyevka,53.88,67.4158,40.24,81,100,18.57,KZ,1699933988
550,huarmey,-10.0681,-78.1522,67.44,88,85,9.06,PE,1699933988
551,nueve de julio,-35.4444,-60.8831,51.96,85,23,7.18,AR,1699933988
552,smara,26.7384,-11.6719,72.97,25,1,6.89,EH,1699933988
553,holdrege,40.4403,-99.3698,52.88,62,0,13.8,US,1699933989
554,san carlos de bariloche,-41.1456,-71.3082,37.15,56,40,17.27,AR,1699933989
555,tosontsengel,48.7567,98.2839,12.42,93,100,3.31,MN,1699933850
556,ormara,25.2088,64.6357,76.93,53,0,5.5,PK,1699933989
557,hiratacho,35.4333,132.8167,60.82,58,75,10.36,JP,1699933990
558,moody,33.5909,-86.4908,59.11,82,100,4.25,US,1699933990
559,lagoa,39.05,-27.9833,62.71,73,100,2.77,PT,1699933990
560,peniche,39.3558,-9.3811,60.46,92,52,6.89,PT,1699933990
561,santona,43.4439,-3.4576,69.73,90,86,5.99,ES,1699933991
562,glace bay,46.1969,-59.957,35.78,94,100,5.75,CA,1699933991
563,ginir,7.1333,40.7,59.11,86,65,5.06,ET,1699933992
564,bari sadri,24.4167,74.4667,73.04,41,99,7.05,IN,1699933992
565,mitu,1.1983,-70.1733,73.36,99,98,2.06,CO,1699933993
566,lapeer,43.0514,-83.3188,43.95,56,0,0.0,US,1699933993
567,kidal,18.4411,1.4078,72.36,17,0,10.76,ML,1699933993
568,santana,-0.0583,-51.1817,82.58,83,20,5.75,BR,1699933993
569,valparaiso,-33.0393,-71.6273,53.24,76,0,3.44,CL,1699933994
570,katsuren-haebaru,26.3369,127.8719,74.17,53,100,8.05,JP,1699933994
571,labuan,5.2767,115.2417,89.96,74,20,3.44,MY,1699933994
572,kendari,-3.945,122.4989,89.74,56,70,8.84,ID,1699933994
573,tucurui,-3.7661,-49.6725,79.9,55,13,3.15,BR,1699933984
574,port blair,11.6667,92.75,78.84,89,100,5.75,IN,1699933995
575,ixtenco,19.25,-97.8931,53.11,91,56,6.55,MX,1699933995
576,islamorada,24.9243,-80.6278,79.0,85,44,5.99,US,1699933819
577,chernyshevskiy,63.0128,112.4714,16.66,94,100,7.63,RU,1699933785
578,cooper's town,26.8667,-77.5167,76.86,82,100,17.0,BS,1699933996
579,veinticinco de mayo,-35.4323,-60.1727,48.97,92,45,7.74,AR,1699933996
